plant_community_code,analysis_name,prominence_value,constancy_percent
AP-LM-A,Achillea_millefolium,0.23,37.04
AP-LM-A,Agrostis_scabra,0.04,25.93
AP-LM-A,Artemisia_frigida,2.92,70.37
AP-LM-A,Artemisia_ludoviciana,0.37,37.04
AP-LM-A,Campanula_rotundifolia,0.05,25.93
AP-LM-A,Carex,7.32,100
AP-LM-A,Cerastium_arvense,0.09,33.33
AP-LM-A,Elymus_lanceolatus,10.54,74.07
AP-LM-A,Elymus_trachycaulus,1.72,44.44
AP-LM-A,Festuca_hallii,37.82,100
AP-LM-A,Festuca_saximontana,0.1,33.33
AP-LM-A,Fragaria_virginiana,0.17,29.63
AP-LM-A,Galium_boreale,0.04,22.22
AP-LM-A,Geum_triflorum,0.77,40.74
AP-LM-A,Helictochloa_hookeri,1.02,51.85
AP-LM-A,Hesperostipa_curtiseta,9.37,85.19
AP-LM-A,Koeleria_macrantha,2.18,77.78
AP-LM-A,Muhlenbergia_richardsonis,1.54,22.22
AP-LM-A,Oxytropis_campestris,0.05,29.63
AP-LM-A,Pascopyrum_smithii,0.99,37.04
AP-LM-A,Poa_pratensis,1.25,37.04
AP-LM-A,Pulsatilla_patens,0.89,37.04
AP-LM-A,Symphyotrichum_ericoides,0.24,29.63
AP-LM-A,Symphyotrichum_laeve,0.03,22.22
AP-LM-A,Taraxacum_officinale,0.02,22.22
AP-LM-A,Thermopsis_rhombifolia,0.25,25.93
AP-LM-A,Vicia_americana,0.11,40.74
CPA11,Androsace_septentrionalis,0.55,100
CPA11,Antennaria_parvifolia,0.14,50
CPA11,Artemisia_frigida,3.6,100
CPA11,Bouteloua_gracilis,4.85,100
CPA11,Campanula_rotundifolia,0.71,50
CPA11,Carex_filifolia,18.75,100
CPA11,Carex_obtusata,0.57,50
CPA11,Cerastium_arvense,0.85,50
CPA11,Comandra_umbellata,0.35,50
CPA11,Distichlis_spicata,0.21,50
CPA11,Elymus_lanceolatus,3.39,50
CPA11,Equisetum_hyemale,0.14,50
CPA11,Festuca_hallii,0.9,100
CPA11,Festuca_saximontana,0.75,100
CPA11,Grindelia_squarrosa,0.2,100
CPA11,Hackelia_floribunda,0.78,50
CPA11,Hedysarum_boreale,0.28,50
CPA11,Hesperostipa_comata,14.35,100
CPA11,Heuchera_richardsonii,0.2,100
CPA11,Juncus_balticus,1,100
CPA11,Koeleria_macrantha,4.35,100
CPA11,Lepidium_densiflorum,0.25,100
CPA11,Opuntia_polyacantha,0.14,50
CPA11,Pascopyrum_smithii,0.14,50
CPA11,Penstemon_procerus,0.28,50
CPA11,Poa_pratensis,8.84,50
CPA11,Potentilla_anserina,0.25,100
CPA11,Rosa_arkansana,3.9,100
CPA11,Selaginella_densa,4.65,100
CPA11,Solidago_missouriensis,0.28,50
CPA11,Spiraea_alba,9.19,50
CPA11,Sporobolus_hookerianus,3.35,100
CPA11,Symphoricarpos_occidentalis,3.68,50
CPA25,Achillea_millefolium,1.47,73.3
CPA25,Antennaria_parvifolia,1.39,35.6
CPA25,Artemisia_frigida,4.29,88.9
CPA25,Artemisia_ludoviciana,1.52,66.7
CPA25,Bouteloua_gracilis,4.29,55.6
CPA25,Campanula_rotundifolia,0.58,62.2
CPA25,Carex_filifolia,1,28.9
CPA25,Carex_obtusata,1.37,77.8
CPA25,Carex_pensylvanica,2.91,82.2
CPA25,Cerastium_arvense,1.42,77.8
CPA25,Elymus_lanceolatus,1.03,37.8
CPA25,Elymus_trachycaulus,3.39,100
CPA25,Erigeron_caespitosus,1.27,53.3
CPA25,Festuca_hallii,44.1,100
CPA25,Festuca_saximontana,0.49,48.9
CPA25,Galium_boreale,0.95,42.2
CPA25,Helictochloa_hookeri,1,64.4
CPA25,Hesperostipa_curtiseta,8.84,100
CPA25,Koeleria_macrantha,5.3,75.6
CPA25,Muhlenbergia_cuspidata,1.11,31.1
CPA25,Pascopyrum_smithii,1.51,37.8
CPA25,Poa_interior,0.51,28.9
CPA25,Poa_pratensis,4.21,68.9
CPA25,Pulsatilla_patens,0.98,40
CPA25,Rosa_arkansana,2.35,86.7
CPA25,Salix_bebbiana,0.57,22.2
CPA25,Salix_petiolaris,1.28,28.9
CPA25,Solidago_missouriensis,0.29,22.2
CPA25,Solidago_simplex,0.59,22.2
CPA25,Symphoricarpos_occidentalis,8.28,84.4
CPA25,Symphyotrichum_falcatum,2.71,88.9
CPA25,Symphyotrichum_laeve,2.24,57.8
CPA25,Thermopsis_rhombifolia,0.77,35.6
CPA25,Vicia_americana,0.43,42.2
CPA3,Achillea_millefolium,1.15,68.1
CPA3,Agrostis_scabra,0.28,25.5
CPA3,Antennaria_parvifolia,1.01,25.5
CPA3,Artemisia_campestris,0.63,23.4
CPA3,Artemisia_frigida,5.01,91.5
CPA3,Artemisia_ludoviciana,1.26,70.2
CPA3,Astragalus_agrestis,0.38,29.8
CPA3,Bouteloua_gracilis,0.95,36.2
CPA3,Campanula_rotundifolia,0.2,66
CPA3,Carex,11.28,95.7
CPA3,Cerastium_arvense,0.65,42.6
CPA3,Comandra_umbellata,0.7,51.1
CPA3,Elaeagnus_commutata,2.54,38.3
CPA3,Elymus_trachycaulus,1.65,68.1
CPA3,Equisetum_hyemale,0.21,27.7
CPA3,Festuca_hallii,23.31,100
CPA3,Festuca_saximontana,1.06,36.2
CPA3,Galium_boreale,0.94,34
CPA3,Geum_triflorum,1.23,27.7
CPA3,Helictochloa_hookeri,1.98,63.8
CPA3,Hesperostipa_comata,1.77,21.3
CPA3,Hesperostipa_curtiseta,10.64,97.9
CPA3,Heterotheca_villosa,0.91,44.7
CPA3,Koeleria_macrantha,1.76,83
CPA3,Poa_pratensis,0.84,34
CPA3,Pulsatilla_patens,2.91,42.6
CPA3,Rosa_woodsii,2.31,44.7
CPA3,Solidago_missouriensis,1.28,83
CPA3,Sporobolus_rigidus,1.31,44.7
CPA3,Symphoricarpos_occidentalis,2.35,42.6
CPA3,Thermopsis_rhombifolia,0.91,55.3
CPA3,Vicia_americana,0.71,36.2
CPA34,Agrostis_scabra,0.21,50
CPA34,Anemone_multifida,2.25,100
CPA34,Artemisia_frigida,16.7,100
CPA34,Astragalus_bisulcatus,0.35,100
CPA34,Bouteloua_gracilis,12.9,100
CPA34,Carex_filifolia,13.75,100
CPA34,Comandra_umbellata,2.05,50
CPA34,Dalea_purpurea,0.85,50
CPA34,Elymus_lanceolatus,1.35,100
CPA34,Festuca_hallii,8.35,100
CPA34,Gutierrezia_sarothrae,1.2,100
CPA34,Helictochloa_hookeri,0.21,50
CPA34,Hesperostipa_curtiseta,9.75,100
CPA34,Heterotheca_villosa,0.71,50
CPA34,Koeleria_macrantha,2.3,100
CPA34,Pascopyrum_smithii,0.35,50
CPA34,Penstemon_procerus,2.19,50
CPA34,Poa_interior,0.57,50
CPA34,Poa_secunda,0.21,50
CPA34,Rosa_arkansana,0.07,50
CPA34,Solidago_missouriensis,0.1,100
CPA34,Sphaeralcea_coccinea,0.57,50
CPA34,Symphoricarpos_occidentalis,0.14,50
CPA34,Symphyotrichum_falcatum,0.14,50
CPA34,Thermopsis_rhombifolia,1.63,50
CPA49,Achillea_millefolium,0.42,51.3
CPA49,Agrostis_scabra,0.16,33.3
CPA49,Androsace_septentrionalis,0.18,48.7
CPA49,Anemone_multifida,0.23,28.2
CPA49,Antennaria_parvifolia,0.95,35.9
CPA49,Artemisia_campestris,0.53,30.8
CPA49,Artemisia_frigida,7.71,100
CPA49,Artemisia_ludoviciana,0.74,59
CPA49,Astragalus_laxmannii,0.72,41
CPA49,Bouteloua_gracilis,2.64,71.8
CPA49,Campanula_rotundifolia,0.24,35.9
CPA49,Carex,4.55,94.9
CPA49,Cerastium_arvense,0.87,59
CPA49,Comandra_umbellata,0.84,66.7
CPA49,Elaeagnus_commutata,2.32,46.2
CPA49,Elymus_lanceolatus,0.64,33.3
CPA49,Elymus_trachycaulus,0.87,69.2
CPA49,Equisetum_hyemale,0.17,25.6
CPA49,Festuca_hallii,4.36,97.4
CPA49,Festuca_saximontana,1.32,61.5
CPA49,Gaillardia_aristata,0.28,25.6
CPA49,Galium_boreale,0.33,30.8
CPA49,Helictochloa_hookeri,0.72,61.5
CPA49,Hesperostipa_comata,1.99,66.7
CPA49,Hesperostipa_curtiseta,11.94,100
CPA49,Heterotheca_villosa,1.11,41
CPA49,Koeleria_macrantha,2.45,97.4
CPA49,Orthocarpus_luteus,0.14,25.6
CPA49,Oxytropis_campestris,0.73,33.3
CPA49,Pascopyrum_smithii,0.71,25.6
CPA49,Poa_pratensis,1.34,43.6
CPA49,Potentilla_gracilis,0.45,28.2
CPA49,Pulsatilla_patens,0.44,38.5
CPA49,Rosa_arkansana,2.2,25.6
CPA49,Rosa_woodsii,2.14,64.1
CPA49,Solidago_missouriensis,0.95,82.1
CPA49,Sporobolus_rigidus,1.84,51.3
CPA49,Symphoricarpos_occidentalis,3.28,56.4
CPA49,Symphyotrichum_ericoides,0.27,20.5
CPA49,Thermopsis_rhombifolia,1.35,66.7
CPA49,Vicia_americana,0.33,41
CPA6,Achillea_millefolium,1.43,56
CPA6,Antennaria_parvifolia,2.58,36
CPA6,Artemisia_biennis,0.28,28
CPA6,Artemisia_frigida,3.62,84
CPA6,Artemisia_ludoviciana,1.35,40
CPA6,Bouteloua_gracilis,2.91,72
CPA6,Campanula_rotundifolia,0.6,44
CPA6,Carex,30.4,100
CPA6,Cerastium_arvense,0.51,48
CPA6,Comandra_umbellata,0.14,28
CPA6,Equisetum_arvense,0.38,48
CPA6,Festuca_hallii,11.62,100
CPA6,Festuca_saximontana,0.57,72
CPA6,Geum_triflorum,3.41,44
CPA6,Helictochloa_hookeri,1.4,60
CPA6,Hesperostipa_comata,0.4,40
CPA6,Hesperostipa_curtiseta,14.69,100
CPA6,Heterotheca_villosa,0.72,40
CPA6,Juncus_balticus,0.32,32
CPA6,Koeleria_macrantha,3.8,96
CPA6,Pascopyrum_smithii,1.03,24
CPA6,Pulsatilla_patens,1.67,36
CPA6,Solidago_missouriensis,2.52,68
CPA6,Sporobolus_rigidus,5.49,84
CPA6,Thermopsis_rhombifolia,1.18,28
CPC1,Achillea_millefolium,0.91,83.3
CPC1,Agrostis_scabra,2.15,83.3
CPC1,Androsace_septentrionalis,0.19,50
CPC1,Artemisia_campestris,0.69,33.3
CPC1,Artemisia_frigida,6.12,100
CPC1,Artemisia_ludoviciana,1.55,66.7
CPC1,Bouteloua_gracilis,2.54,83.3
CPC1,Campanula_rotundifolia,0.12,33.3
CPC1,Carex,6.5,83.3
CPC1,Cerastium_arvense,1.59,83.3
CPC1,Comandra_umbellata,0.4,50
CPC1,Elaeagnus_commutata,13.55,100
CPC1,Elymus_trachycaulus,1.6,100
CPC1,Equisetum_hyemale,0.22,83.3
CPC1,Erysimum_asperum,0.14,33.3
CPC1,Festuca_hallii,3.03,83.3
CPC1,Festuca_saximontana,2.37,83.3
CPC1,Galium_boreale,0.57,50
CPC1,Hesperostipa_comata,4.03,100
CPC1,Hesperostipa_curtiseta,4.8,83.3
CPC1,Heterotheca_villosa,0.78,33.3
CPC1,Koeleria_macrantha,2.55,100
CPC1,Orthocarpus_luteus,0.2,33.3
CPC1,Poa_pratensis,0.75,50
CPC1,Prunus_virginiana,3.27,66.7
CPC1,Rosa_woodsii,7.21,83.3
CPC1,Silene_parryi,0.09,33.3
CPC1,Solidago_missouriensis,2.43,83.3
CPC1,Sporobolus_rigidus,6.08,100
CPC1,Symphoricarpos_occidentalis,0.58,33.3
CPC1,Thermopsis_rhombifolia,1.06,50
CPC1,Vicia_americana,0.17,33.3
CPC21,Achillea_millefolium,1.03,90.9
CPC21,Agoseris_glauca,0.3,45.5
CPC21,Agrostis_scabra,0.26,27.3
CPC21,Amelanchier_alnifolia,1.31,27.3
CPC21,Androsace_septentrionalis,0.27,90.9
CPC21,Antennaria_parvifolia,1.48,27.3
CPC21,Artemisia_frigida,3.87,81.8
CPC21,Artemisia_ludoviciana,1.65,81.8
CPC21,Bouteloua_gracilis,1.42,36.4
CPC21,Bromus_inermis,0.1,27.3
CPC21,Campanula_rotundifolia,0.17,54.5
CPC21,Carex,7.91,90.9
CPC21,Cerastium_arvense,3.46,100
CPC21,Comandra_umbellata,0.96,36.4
CPC21,Elaeagnus_commutata,4.73,100
CPC21,Elymus_trachycaulus,3.66,100
CPC21,Equisetum_hyemale,0.24,45.5
CPC21,Festuca_hallii,1.32,45.5
CPC21,Festuca_saximontana,1.53,81.8
CPC21,Galium_boreale,0.95,54.5
CPC21,Hesperostipa_comata,3.44,100
CPC21,Hesperostipa_curtiseta,5.15,63.6
CPC21,Juncus_balticus,0.12,27.3
CPC21,Juniperus_horizontalis,2.26,27.3
CPC21,Koeleria_macrantha,3.28,100
CPC21,Lithospermum_incisum,0.35,36.4
CPC21,Orthocarpus_luteus,0.07,27.3
CPC21,Poa_interior,0.1,27.3
CPC21,Poa_pratensis,9.29,100
CPC21,Populus_tremuloides,1.36,36.4
CPC21,Prunus_virginiana,2.19,36.4
CPC21,Rosa_woodsii,6.71,100
CPC21,Solidago_missouriensis,2.09,72.7
CPC21,Sporobolus_rigidus,1.04,81.8
CPC21,Stellaria_longifolia,0.12,27.3
CPC21,Symphoricarpos_occidentalis,11.81,100
CPC21,Symphyotrichum_laeve,0.33,27.3
CPC21,Taraxacum_officinale,0.38,27.3
CPC21,Thermopsis_rhombifolia,0.71,63.6
CPC21,Vicia_americana,0.2,45.5
CPC21,Viola_adunca,0.28,27.3
CPC29,Achillea_millefolium,0.58,44.4
CPC29,Arabis_hirsuta,0.26,22.2
CPC29,Artemisia_frigida,1.76,66.7
CPC29,Artemisia_ludoviciana,1.88,44.4
CPC29,Astragalus_laxmannii,0.31,33.3
CPC29,Bouteloua_gracilis,1.83,33.3
CPC29,Bromus_ciliatus,2.78,22.2
CPC29,Campanula_rotundifolia,0.79,55.6
CPC29,Carex_filifolia,0.28,22.2
CPC29,Carex_obtusata,0.4,44.4
CPC29,Carex_pensylvanica,5.66,55.6
CPC29,Carex_prairea,4.55,22.2
CPC29,Cerastium_arvense,0.61,55.6
CPC29,Cirsium_arvense,0.71,22.2
CPC29,Cirsium_flodmanii,0.73,44.4
CPC29,Elaeagnus_commutata,6.13,22.2
CPC29,Elymus_trachycaulus,6.17,100
CPC29,Festuca_hallii,40.49,100
CPC29,Festuca_saximontana,0.26,22.2
CPC29,Galium_boreale,0.27,33.3
CPC29,Geum_triflorum,0.61,22.2
CPC29,Helictochloa_hookeri,0.35,33.3
CPC29,Hesperostipa_curtiseta,11.22,88.9
CPC29,Koeleria_macrantha,2.38,44.4
CPC29,Muhlenbergia_cuspidata,0.92,33.3
CPC29,Poa_interior,0.82,22.2
CPC29,Poa_pratensis,3.16,66.7
CPC29,Rosa_arkansana,3.38,100
CPC29,Salix_bebbiana,1.07,55.6
CPC29,Salix_petiolaris,0.23,33.3
CPC29,Solidago_canadensis,0.77,33.3
CPC29,Solidago_missouriensis,0.4,22.2
CPC29,Solidago_simplex,0.59,22.2
CPC29,Symphoricarpos_occidentalis,22.33,100
CPC29,Symphyotrichum_falcatum,2.22,77.8
CPC29,Symphyotrichum_laeve,2.54,66.7
CPC29,Vicia_americana,0.49,55.6
CPC5,Achillea_millefolium,0.83,87.5
CPC5,Agoseris_glauca,0.2,34.4
CPC5,Agrostis_scabra,0.66,59.4
CPC5,Amelanchier_alnifolia,1.51,25
CPC5,Androsace_septentrionalis,0.2,46.9
CPC5,Artemisia_campestris,0.83,43.8
CPC5,Artemisia_frigida,4.63,93.8
CPC5,Artemisia_ludoviciana,1.98,96.9
CPC5,Bouteloua_gracilis,0.81,34.4
CPC5,Bromus_inermis,1.1,25
CPC5,Campanula_rotundifolia,0.22,56.3
CPC5,Carex,5.03,90.6
CPC5,Cerastium_arvense,1.52,78.1
CPC5,Comandra_umbellata,0.35,40.6
CPC5,Elaeagnus_commutata,8.62,100
CPC5,Elymus_trachycaulus,2.75,93.8
CPC5,Equisetum_hyemale,0.24,59.4
CPC5,Festuca_hallii,11.14,100
CPC5,Festuca_saximontana,0.51,34.4
CPC5,Galium_boreale,0.99,65.6
CPC5,Geum_triflorum,0.33,25
CPC5,Helictochloa_hookeri,0.28,34.4
CPC5,Hesperostipa_comata,2.86,43.8
CPC5,Hesperostipa_curtiseta,8.17,100
CPC5,Heterotheca_villosa,0.63,46.9
CPC5,Koeleria_macrantha,1.89,87.5
CPC5,Poa_pratensis,1.8,71.9
CPC5,Populus_tremuloides,2.2,21.9
CPC5,Prunus_virginiana,1.51,37.5
CPC5,Rosa_woodsii,7.03,90.6
CPC5,Solidago_missouriensis,1.83,96.9
CPC5,Sporobolus_rigidus,2.2,68.8
CPC5,Symphoricarpos_occidentalis,7.17,90.6
CPC5,Symphyotrichum_laeve,0.45,21.9
CPC5,Thermopsis_rhombifolia,1.4,75
CPC5,Vicia_americana,0.31,31.3
CU-LM-A,Achillea_millefolium,1.07,83.33
CU-LM-A,Agoseris_glauca,0.56,45.83
CU-LM-A,Agrostis_scabra,0.37,37.5
CU-LM-A,Allium_cernuum,0.18,25
CU-LM-A,Arnica_fulgens,0.46,29.17
CU-LM-A,Artemisia_frigida,1.74,20.83
CU-LM-A,Artemisia_ludoviciana,0.58,29.17
CU-LM-A,Calamagrostis_montanensis,0.43,20.83
CU-LM-A,Campanula_rotundifolia,0.35,50
CU-LM-A,Carex,2.45,41.67
CU-LM-A,Carex_inops,3.01,37.5
CU-LM-A,Carex_obtusata,1.07,50
CU-LM-A,Cerastium_arvense,0.38,66.67
CU-LM-A,Danthonia_intermedia,5.07,91.67
CU-LM-A,Dasiphora_fruticosa,42.6,41.67
CU-LM-A,Elymus_lanceolatus,2.1,37.5
CU-LM-A,Elymus_trachycaulus,0.81,66.67
CU-LM-A,Festuca_hallii,24.85,100
CU-LM-A,Festuca_saximontana,0.64,45.83
CU-LM-A,Fragaria_virginiana,0.32,20.83
CU-LM-A,Gaillardia_aristata,0.48,41.67
CU-LM-A,Galium_boreale,2.11,79.17
CU-LM-A,Geum_triflorum,1.03,66.67
CU-LM-A,Hedysarum_americanum,0.31,33.33
CU-LM-A,Helictochloa_hookeri,0.57,54.17
CU-LM-A,Hesperostipa_curtiseta,3.43,33.33
CU-LM-A,Heuchera_richardsonii,0.19,20.83
CU-LM-A,Juniperus_horizontalis,1.32,20.83
CU-LM-A,Koeleria_macrantha,2.65,66.67
CU-LM-A,Lathyrus_ochroleucus,0.19,20.83
CU-LM-A,Lupinus_argenteus,0.16,20.83
CU-LM-A,Oxytropis_campestris,0.23,20.83
CU-LM-A,Penstemon_procerus,0.29,29.17
CU-LM-A,Poa_pratensis,4.26,54.17
CU-LM-A,Potentilla_gracilis,0.43,29.17
CU-LM-A,Primula_conjugens,0.31,29.17
CU-LM-A,Pulsatilla_patens,0.95,66.67
CU-LM-A,Rosa_acicularis,0.25,25
CU-LM-A,Sisyrinchium_montanum,0.15,25
CU-LM-A,Solidago_missouriensis,0.53,50
CU-LM-A,Symphyotrichum_laeve,0.35,29.17
CU-LM-A,Taraxacum_officinale,0.98,50
CU-LM-A,Thermopsis_rhombifolia,1.68,66.67
CU-LM-A,Tragopogon_dubius,0.17,20.83
CU-LM-A,Vicia_americana,0.29,37.5
CU-LM-A,Viola_adunca,0.35,29.17
CU-LM-A,Zizia_aptera,0.23,20.83
DMG-LM-A,Achillea_millefolium,0.86,27.03
DMG-LM-A,Artemisia_frigida,5.84,94.59
DMG-LM-A,Bouteloua_gracilis,5.74,100
DMG-LM-A,Calamagrostis_montanensis,5.67,70.27
DMG-LM-A,Carex,5.68,94.59
DMG-LM-A,Elymus_lanceolatus,35.16,100
DMG-LM-A,Hesperostipa_comata,18.8,100
DMG-LM-A,Hesperostipa_curtiseta,3.87,51.35
DMG-LM-A,Heterotheca_villosa,0.81,24.32
DMG-LM-A,Koeleria_macrantha,7.12,97.3
DMG-LM-A,Pascopyrum_smithii,5.51,72.97
DMG-LM-A,Poa_secunda,0.94,24.32
DMG-LM-A,Poa_secunda,0.99,24.32
DMG-LM-A,Sphaeralcea_coccinea,2.47,78.38
DMG-LM-A,Vicia_americana,1.84,29.73
DMG-LM-B,Achillea_millefolium,0.99,40
DMG-LM-B,Artemisia_frigida,5.61,100
DMG-LM-B,Bouteloua_gracilis,7.92,95
DMG-LM-B,Calamagrostis_montanensis,6.04,90
DMG-LM-B,Carex,5.31,95
DMG-LM-B,Elymus_lanceolatus,23.2,100
DMG-LM-B,Hesperostipa_comata,8.33,100
DMG-LM-B,Hesperostipa_curtiseta,21.48,100
DMG-LM-B,Heterotheca_villosa,1.06,35
DMG-LM-B,Koeleria_macrantha,5.98,100
DMG-LM-B,Liatris_punctata,1.1,25
DMG-LM-B,Nassella_viridula,1.82,35
DMG-LM-B,Pascopyrum_smithii,5.13,95
DMG-LM-B,Pediomelum_esculentum,0.89,35
DMG-LM-B,Sphaeralcea_coccinea,2.22,55
DMG-LM-B,Vicia_americana,0.77,30
DMG-LM-C,Artemisia_frigida,8.24,95.08
DMG-LM-C,Bouteloua_gracilis,10.54,96.72
DMG-LM-C,Calamagrostis_montanensis,6.33,80.33
DMG-LM-C,Carex,6.54,95.08
DMG-LM-C,Elymus_lanceolatus,12.44,91.8
DMG-LM-C,Hesperostipa_comata,21.08,100
DMG-LM-C,Koeleria_macrantha,12.95,100
DMG-LM-C,Nassella_viridula,3.12,21.31
DMG-LM-C,Pascopyrum_smithii,9.27,90.16
DMG-LM-C,Sphaeralcea_coccinea,3.3,70.49
DMG-LM-C,Vicia_americana,1.14,26.23
DMGA2,Artemisia_cana,0.66,64.3
DMGA2,Artemisia_frigida,3.7,82.1
DMGA2,Artemisia_ludoviciana,0.93,25
DMGA2,Astragalus_pectinatus,0.67,35.7
DMGA2,Bouteloua_gracilis,8.65,100
DMGA2,Calamagrostis_montanensis,1.68,35.7
DMGA2,Carex,4.42,85.7
DMGA2,Elymus_lanceolatus,3.31,25
DMGA2,Hesperostipa_comata,22.63,100
DMGA2,Hesperostipa_curtiseta,4.04,28.6
DMGA2,Koeleria_macrantha,14.87,100
DMGA2,Nassella_viridula,1.65,25
DMGA2,Pascopyrum_smithii,2.31,21.4
DMGA2,Poa_secunda,1.66,64.3
DMGA2,Selaginella_densa,5.09,25
DMGA2,Sphaeralcea_coccinea,2.17,75
DMGA2,Tragopogon_dubius,0.56,21.4
DMGA2,Vicia_americana,1.27,32.1
DMGA3,Artemisia_cana,1.03,68.9
DMGA3,Artemisia_frigida,4.77,89.3
DMGA3,Bouteloua_gracilis,10.43,95.4
DMGA3,Calamagrostis_montanensis,1.85,45.7
DMGA3,Carex,6.22,95.7
DMGA3,Elymus_lanceolatus,2.18,28
DMGA3,Hesperostipa_comata,42.22,100
DMGA3,Koeleria_macrantha,13.03,99.4
DMGA3,Pascopyrum_smithii,6.94,81.4
DMGA3,Poa_secunda,1.42,43
DMGA3,Sphaeralcea_coccinea,1.92,30.2
DMGA3,Vicia_americana,0.45,21.6
DMGA5,Artemisia_cana,0.47,30
DMGA5,Artemisia_frigida,3.62,82
DMGA5,Bouteloua_gracilis,6.22,96
DMGA5,Calamagrostis_montanensis,9.63,98
DMGA5,Carex,1.73,72
DMGA5,Carex_filifolia,3.23,36
DMGA5,Elymus_lanceolatus,22.78,100
DMGA5,Hesperostipa_comata,24.56,100
DMGA5,Koeleria_macrantha,8.48,100
DMGA5,Krascheninnikovia_lanata,1.39,32
DMGA5,Pascopyrum_smithii,4.56,66
DMGA5,Poa_secunda,1.93,60
DMGA5,Taraxacum_officinale,2.1,84
DMGA5,Tragopogon_dubius,1.43,72
DMGA5,Vicia_americana,1.92,60
DMGA61,Achillea_millefolium,0.61,35.3
DMGA61,Antennaria_parvifolia,0.53,41.2
DMGA61,Artemisia_cana,1.95,70.6
DMGA61,Artemisia_frigida,1.82,94.1
DMGA61,Bouteloua_gracilis,2.36,94.1
DMGA61,Carex,3.77,76.5
DMGA61,Carex_duriuscula,1.1,41.2
DMGA61,Elymus_lanceolatus,3.42,88.2
DMGA61,Hesperostipa_comata,3.97,82.4
DMGA61,Hesperostipa_curtiseta,12.71,100
DMGA61,Koeleria_macrantha,4.66,100
DMGA61,Nassella_viridula,1.44,35.3
DMGA61,Pascopyrum_smithii,1.9,76.5
DMGA61,Phlox_hoodii,0.99,64.7
DMGA61,Poa_secunda,4.83,94.1
DMGA61,Selaginella_densa,22.68,100
DMGA61,Sphaeralcea_coccinea,0.79,82.4
DMGA61,Stellaria_longifolia,0.18,35.3
DMGA61,Symphyotrichum_ericoides,0.19,35.3
DMGA61,Taraxacum_officinale,0.64,35.3
DMGA9,Artemisia_cana,0.38,50
DMGA9,Artemisia_frigida,1.48,59.1
DMGA9,Astragalus_pectinatus,1.78,27.3
DMGA9,Bouteloua_gracilis,16.26,100
DMGA9,Calamagrostis_montanensis,2.56,50
DMGA9,Carex,1.78,72.7
DMGA9,Carex_filifolia,20.13,100
DMGA9,Comandra_umbellata,0.11,31.8
DMGA9,Elymus_lanceolatus,4.92,86.4
DMGA9,Hesperostipa_comata,37.96,100
DMGA9,Koeleria_macrantha,3,95.5
DMGA9,Krascheninnikovia_lanata,0.91,36.4
DMGA9,Lygodesmia_juncea,0.89,45.5
DMGA9,Pascopyrum_smithii,2.35,40.9
DMGA9,Phlox_hoodii,0.69,36.4
DMGA9,Poa_secunda,1.34,31.8
DMGA9,Sphaeralcea_coccinea,0.25,54.5
DMGA9,Sporobolus_rigidus,5.01,22.7
DMGA9,Taraxacum_officinale,0.94,27.3
DMGA9,Tragopogon_dubius,0.16,22.7
DMGA9,Vicia_americana,0.54,36.4
FFA1,Achillea_millefolium,1.12,55.6
FFA1,Artemisia_frigida,1.18,77.8
FFA1,Artemisia_ludoviciana,0.62,44.4
FFA1,Bouteloua_gracilis,1.77,33.3
FFA1,Carex,5.46,100
FFA1,Elymus_trachycaulus,0.89,33.3
FFA1,Festuca_campestris,60.61,100
FFA1,Festuca_idahoensis,6.82,100
FFA1,Galium_boreale,0.8,44.4
FFA1,Geum_triflorum,1.18,22.2
FFA1,Hesperostipa_comata,1.37,22.2
FFA1,Hesperostipa_curtiseta,1.83,33.3
FFA1,Heterotheca_villosa,0.87,33.3
FFA1,Koeleria_macrantha,1.3,44.4
FFA1,Lupinus_argenteus,1.07,77.8
FFA1,Nassella_viridula,1.13,44.4
FFA1,Pascopyrum_smithii,6.08,100
FFA1,Potentilla_pensylvanica,0.21,33.3
FFA1,Pulsatilla_patens,1.18,44.4
FFA1,Solidago_missouriensis,0.59,22.2
FFA1,Symphoricarpos_occidentalis,3.1,88.9
FFA1,Thermopsis_rhombifolia,1.27,55.6
FFA1,Vicia_americana,0.24,22.2
FFA2,Artemisia_frigida,1.63,32.1
FFA2,Bromus_pumpellianus,0.69,21.4
FFA2,Carex,8.82,85.7
FFA2,Danthonia_intermedia,6.13,46.4
FFA2,Danthonia_parryi,4.28,42.9
FFA2,Dasiphora_fruticosa,0.28,57.1
FFA2,Elymus_lanceolatus,5.55,96.4
FFA2,Elymus_trachycaulus,0.99,64.3
FFA2,Festuca_campestris,35.79,100
FFA2,Festuca_idahoensis,12.25,100
FFA2,Geum_triflorum,3.3,39.3
FFA2,Helictochloa_hookeri,0.97,42.9
FFA2,Hesperostipa_curtiseta,6.41,75
FFA2,Juncus_balticus,0.45,25
FFA2,Juniperus_horizontalis,0.52,32.1
FFA2,Koeleria_macrantha,3.23,92.9
FFA2,Poa_cusickii,1.65,39.3
FFA2,Poa_pratensis,1.96,28.6
FFA2,Poa_secunda,1.63,50
FFA2,Rosa_arkansana,0.28,32.1
FFA23,Arctostaphylos_uva-ursi,0.4,25
FFA23,Bromus_pumpellianus,0.47,37.5
FFA23,Carex,7,87.5
FFA23,Danthonia_intermedia,3.36,75
FFA23,Danthonia_parryi,7.49,75
FFA23,Dasiphora_fruticosa,0.09,75
FFA23,Elymus_lanceolatus,4.68,100
FFA23,Elymus_trachycaulus,1.82,62.5
FFA23,Eriocoma_nelsonii,1.26,62.5
FFA23,Eriocoma_richardsonii,11.59,100
FFA23,Festuca_campestris,33.83,100
FFA23,Festuca_idahoensis,7.36,87.5
FFA23,Geum_triflorum,4.4,50
FFA23,Hedysarum_alpinum,0.85,50
FFA23,Hesperostipa_curtiseta,1.63,50
FFA23,Juniperus_horizontalis,1.98,50
FFA23,Koeleria_macrantha,2.48,62.5
FFA23,Pseudotsuga_menziesii,0.05,25
FFA23,Rosa_acicularis,1.69,37.5
FFA23,Rosa_arkansana,1.43,50
FFA23,Symphoricarpos_occidentalis,0.4,25
FFA24,Amelanchier_alnifolia,1.23,30
FFA24,Artemisia_frigida,2.24,70
FFA24,Bromus_inermis,5.2,35
FFA24,Carex_duriuscula,0.45,45
FFA24,Carex_filifolia,2.33,55
FFA24,Carex_pensylvanica,1.63,50
FFA24,Elymus_lanceolatus,14.1,100
FFA24,Festuca_campestris,35.73,100
FFA24,Festuca_idahoensis,3,35
FFA24,Helictochloa_hookeri,1.7,40
FFA24,Hesperostipa_curtiseta,2.39,65
FFA24,Juniperus_horizontalis,7.68,45
FFA24,Koeleria_macrantha,3.82,75
FFA24,Nassella_viridula,4.51,40
FFA24,Poa_cusickii,0.64,30
FFA24,Poa_pratensis,5.98,50
FFA24,Pseudoroegneria_spicata,3.34,35
FFA24,Rosa_arkansana,1.45,50
FFA24,Symphoricarpos_occidentalis,4.54,70
FFA24,Vicia_americana,0.41,30
FFA27,Artemisia_frigida,7.49,80
FFA27,Artemisia_ludoviciana,0.73,30
FFA27,Bouteloua_gracilis,1.64,30
FFA27,Calamagrostis_montanensis,0.73,30
FFA27,Carex_duriuscula,1.16,60
FFA27,Carex_filifolia,4.86,80
FFA27,Carex_pensylvanica,1.7,50
FFA27,Elymus_lanceolatus,20.2,100
FFA27,Festuca_campestris,9.4,50
FFA27,Hesperostipa_comata,5.85,40
FFA27,Hesperostipa_curtiseta,9.44,70
FFA27,Koeleria_macrantha,6.6,100
FFA27,Muhlenbergia_cuspidata,1.37,30
FFA27,Nassella_viridula,10.8,90
FFA27,Pascopyrum_smithii,1.64,30
FFA27,Poa_pratensis,3.96,50
FFA27,Rosa_arkansana,2.68,80
FFA27,Symphoricarpos_occidentalis,4.48,70
FFA27,Vicia_americana,0.49,40
FFA5,Achillea_millefolium,0.62,78.9
FFA5,Agoseris_glauca,0.56,68.4
FFA5,Amelanchier_alnifolia,0.54,31.6
FFA5,Anaphalis_margaritacea,0.35,42.1
FFA5,Anemone_multifida,0.8,89.5
FFA5,Artemisia_frigida,0.41,57.9
FFA5,Artemisia_ludoviciana,0.23,21.1
FFA5,Astragalus_agrestis,0.36,47.4
FFA5,Bromus_pumpellianus,1.83,84.2
FFA5,Calamagrostis_montanensis,0.28,26.3
FFA5,Campanula_rotundifolia,0.4,84.2
FFA5,Carex,1.77,94.7
FFA5,Castilleja_miniata,0.14,21.1
FFA5,Cerastium_arvense,0.46,78.9
FFA5,Cirsium_arvense,3.2,57.9
FFA5,Comandra_umbellata,0.13,26.3
FFA5,Danthonia_parryi,18.01,100
FFA5,Dasiphora_fruticosa,3.13,94.7
FFA5,Elymus_lanceolatus,1.51,47.4
FFA5,Elymus_trachycaulus,3.62,94.7
FFA5,Erigeron_caespitosus,0.33,31.6
FFA5,Eriocoma_nelsonii,0.89,31.6
FFA5,Festuca_campestris,35.1,100
FFA5,Festuca_idahoensis,2.98,94.7
FFA5,Fragaria_virginiana,0.23,47.4
FFA5,Gaillardia_aristata,0.42,63.2
FFA5,Galium_boreale,2.55,94.7
FFA5,Geum_triflorum,1.36,63.2
FFA5,Hedysarum_alpinum,0.69,47.4
FFA5,Helictochloa_hookeri,0.57,57.9
FFA5,Hesperostipa_curtiseta,2.64,63.2
FFA5,Heuchera_richardsonii,0.34,21.1
FFA5,Koeleria_macrantha,1.92,68.4
FFA5,Lathyrus_ochroleucus,0.47,47.4
FFA5,Lupinus_sericeus,3.3,84.2
FFA5,Maianthemum_stellatum,0.84,42.1
FFA5,Oxytropis_sericea,0.39,36.8
FFA5,Picea_glauca,0.05,26.3
FFA5,Poa_pratensis,4.3,94.7
FFA5,Populus_tremuloides,0.06,36.8
FFA5,Potentilla_gracilis,0.62,26.3
FFA5,Primula_conjugens,0.32,57.9
FFA5,Rosa_arkansana,1.81,84.2
FFA5,Salix_petiolaris,0.08,63.2
FFA5,Sisyrinchium_montanum,0.2,36.8
FFA5,Solidago_simplex,0.76,63.2
FFA5,Symphoricarpos_occidentalis,0.33,36.8
FFA5,Symphyotrichum_ericoides,0.45,36.8
FFA5,Symphyotrichum_laeve,1.11,47.4
FFA5,Taraxacum_officinale,0.27,47.4
FFA5,Thalictrum_venulosum,0.18,26.3
FFA5,Thermopsis_rhombifolia,3.17,94.7
FFA5,Toxicoscordion_venenosum,1.84,21.1
FFA5,Vicia_americana,1.25,94.7
LM1-APAD,Achillea_millefolium,0.35,50
LM1-APAD,Artemisia_frigida,3.61,75
LM1-APAD,Artemisia_ludoviciana,4.49,100
LM1-APAD,Bouteloua_gracilis,0.5,25
LM1-APAD,Bromus_inermis,3.18,50
LM1-APAD,Carex,5.76,75
LM1-APAD,Cirsium_arvense,0.25,25
LM1-APAD,Dalea_purpurea,2.12,50
LM1-APAD,Elaeagnus_commutata,0.5,25
LM1-APAD,Elymus_lanceolatus,0.74,25
LM1-APAD,Elymus_trachycaulus,5.36,100
LM1-APAD,Festuca_hallii,12.34,100
LM1-APAD,Festuca_idahoensis,0.5,25
LM1-APAD,Galium_boreale,2.16,75
LM1-APAD,Helictochloa_hookeri,0.5,25
LM1-APAD,Hesperostipa_comata,0.5,25
LM1-APAD,Hesperostipa_curtiseta,6.77,75
LM1-APAD,Hesperostipa_spartea,17.8,50
LM1-APAD,Koeleria_macrantha,1.75,25
LM1-APAD,Muhlenbergia_cuspidata,0.25,25
LM1-APAD,Muhlenbergia_richardsonis,0.25,25
LM1-APAD,Nassella_viridula,1.73,25
LM1-APAD,Pascopyrum_smithii,2.72,25
LM1-APAD,Poa_pratensis,10.6,100
LM1-APAD,Sporobolus_cryptandrus,3.47,25
LM1-APAD,Symphoricarpos_occidentalis,1.24,50
LM12-APAD,Achillea_millefolium,5.2,100
LM12-APAD,Agastache_foeniculum,3.8,80
LM12-APAD,Agrostis_scabra,1.58,40
LM12-APAD,Amelanchier_alnifolia,4.91,60
LM12-APAD,Anemonastrum_canadense,0.63,40
LM12-APAD,Artemisia_dracunculus,3.36,60
LM12-APAD,Artemisia_ludoviciana,3.35,80
LM12-APAD,Astragalus_laxmannii,2.53,40
LM12-APAD,Bromus_ciliatus,2,100
LM12-APAD,Campanula_rotundifolia,1.26,40
LM12-APAD,Carex,17.2,100
LM12-APAD,Cerastium_arvense,0.95,40
LM12-APAD,Comandra_umbellata,1.34,80
LM12-APAD,Elymus_trachycaulus,14.4,100
LM12-APAD,Erigeron_glabellus,2.09,60
LM12-APAD,Eriocoma_richardsonii,15.4,100
LM12-APAD,Festuca_hallii,68.6,100
LM12-APAD,Fragaria_virginiana,9.4,100
LM12-APAD,Galium_boreale,23.2,100
LM12-APAD,Geum_triflorum,6,100
LM12-APAD,Helictochloa_hookeri,1.9,40
LM12-APAD,Hesperostipa_spartea,5.81,80
LM12-APAD,Hierochloe_hirta,1.58,40
LM12-APAD,Koeleria_macrantha,1.83,80
LM12-APAD,Lathyrus_ochroleucus,7.6,80
LM12-APAD,Lathyrus_venosus,0.63,40
LM12-APAD,Liatris_ligulistylis,0.35,40
LM12-APAD,Lithospermum_canescens,3,100
LM12-APAD,Maianthemum_stellatum,0.63,40
LM12-APAD,Monarda_fistulosa,8.2,100
LM12-APAD,Muhlenbergia_racemosa,2.25,40
LM12-APAD,Muhlenbergia_richardsonis,1.26,40
LM12-APAD,Poa_pratensis,43,100
LM12-APAD,Potentilla_anserina,0.35,40
LM12-APAD,Rosa_acicularis,7,100
LM12-APAD,Schizachyrium_scoparium,5.94,60
LM12-APAD,Sisyrinchium_montanum,0.63,40
LM12-APAD,Solidago_canadensis,1.9,40
LM12-APAD,Solidago_missouriensis,0.35,40
LM12-APAD,Solidago_rigida,2.71,80
LM12-APAD,Stellaria_longipes,0.98,40
LM12-APAD,Symphoricarpos_occidentalis,3.48,40
LM12-APAD,Symphyotrichum_laeve,8.82,100
LM12-APAD,Thalictrum_dasycarpum,0.63,40
LM12-APAD,Thalictrum_venulosum,2.8,100
LM12-APAD,Vicia_americana,6.48,80
LM2-APAD,Achillea_millefolium,0.76,42.9
LM2-APAD,Artemisia_frigida,4.36,100
LM2-APAD,Bouteloua_gracilis,3.64,100
LM2-APAD,Carex,7.43,100
LM2-APAD,Elymus_lanceolatus,7.36,100
LM2-APAD,Hesperostipa_comata,3.12,57.1
LM2-APAD,Hesperostipa_curtiseta,15.84,100
LM2-APAD,Koeleria_macrantha,11.73,100
LM2-APAD,Nassella_viridula,14,100
LM2-APAD,Pascopyrum_smithii,12.93,100
LM2-APAD,Phlox_hoodii,0.55,42.9
LM2-APAD,Pulsatilla_patens,5.71,100
LM2-APAD,Sphaeralcea_coccinea,0.53,28.6
LM7-APAD,Achillea_millefolium,1.8,100
LM7-APAD,Androsace_septentrionalis,0.1,100
LM7-APAD,Anemonastrum_canadense,0.6,100
LM7-APAD,Artemisia_cana,0.3,100
LM7-APAD,Artemisia_frigida,0.5,100
LM7-APAD,Artemisia_ludoviciana,1.1,100
LM7-APAD,Bromus_inermis,1.8,100
LM7-APAD,Campanula_rotundifolia,0.1,100
LM7-APAD,Carex,4.3,100
LM7-APAD,Cerastium_arvense,2.7,100
LM7-APAD,Comandra_umbellata,0.3,100
LM7-APAD,Danthonia_spicata,8.6,100
LM7-APAD,Elymus_trachycaulus,0.3,100
LM7-APAD,Galium_boreale,4.5,100
LM7-APAD,Geum_triflorum,5.7,100
LM7-APAD,Hesperostipa_spartea,4.4,100
LM7-APAD,Heuchera_richardsonii,0.3,100
LM7-APAD,Koeleria_macrantha,0.6,100
LM7-APAD,Lathyrus_venosus,0.1,100
LM7-APAD,Medicago_lupulina,1,100
LM7-APAD,Monarda_fistulosa,2,100
LM7-APAD,Muhlenbergia_richardsonis,0.9,100
LM7-APAD,Poa_pratensis,8.3,100
LM7-APAD,Schizachyrium_scoparium,20.5,100
LM7-APAD,Sisyrinchium_montanum,1,100
LM7-APAD,Taraxacum_officinale,0.2,100
LM8-APAD,Achillea_millefolium,1.57,80
LM8-APAD,Agastache_foeniculum,1.16,80
LM8-APAD,Agoseris_glauca,0.06,40
LM8-APAD,Agrostis_scabra,1.39,80
LM8-APAD,Allium_stellatum,0.06,40
LM8-APAD,Amelanchier_alnifolia,2.06,80
LM8-APAD,Anemone_cylindrica,0.94,80
LM8-APAD,Anemone_multifida,0.06,40
LM8-APAD,Antennaria_howellii,0.06,40
LM8-APAD,Artemisia_biennis,0.35,40
LM8-APAD,Artemisia_dracunculus,0.63,40
LM8-APAD,Artemisia_ludoviciana,2.22,100
LM8-APAD,Astragalus_laxmannii,4.02,80
LM8-APAD,Bromus_ciliatus,1.6,100
LM8-APAD,Carex,14.4,100
LM8-APAD,Cerastium_arvense,3.4,100
LM8-APAD,Comandra_umbellata,2.2,100
LM8-APAD,Danthonia_intermedia,0.66,40
LM8-APAD,Elymus_trachycaulus,11.2,100
LM8-APAD,Erigeron_glabellus,1.16,80
LM8-APAD,Eriocoma_richardsonii,21.2,100
LM8-APAD,Festuca_hallii,67.8,100
LM8-APAD,Festuca_saximontana,0.8,60
LM8-APAD,Fragaria_virginiana,2.8,100
LM8-APAD,Gaillardia_aristata,0.08,60
LM8-APAD,Galium_boreale,14.2,100
LM8-APAD,Gentianella_amarella,0.06,40
LM8-APAD,Geum_triflorum,7.6,100
LM8-APAD,Hedysarum_alpinum,1.46,100
LM8-APAD,Helictochloa_hookeri,9.17,40
LM8-APAD,Hesperostipa_spartea,22.4,100
LM8-APAD,Heuchera_richardsonii,0.31,60
LM8-APAD,Hieracium_umbellatum,0.06,40
LM8-APAD,Koeleria_macrantha,7.6,100
LM8-APAD,Lathyrus_ochroleucus,1.29,60
LM8-APAD,Lathyrus_venosus,1.26,40
LM8-APAD,Liatris_ligulistylis,0.29,80
LM8-APAD,Lithospermum_canescens,1.79,80
LM8-APAD,Maianthemum_stellatum,0.8,60
LM8-APAD,Monarda_fistulosa,3.6,100
LM8-APAD,Muhlenbergia_richardsonis,4.13,60
LM8-APAD,Oxytropis_lambertii,0.35,40
LM8-APAD,Poa_pratensis,14.6,100
LM8-APAD,Polygala_senega,0.31,60
LM8-APAD,Potentilla_anserina,1.14,80
LM8-APAD,Potentilla_gracilis,0.06,40
LM8-APAD,Rosa_acicularis,5.8,100
LM8-APAD,Schizachne_purpurascens,1.36,80
LM8-APAD,Sisyrinchium_montanum,0.84,100
LM8-APAD,Solidago_canadensis,5.96,60
LM8-APAD,Solidago_missouriensis,2.95,80
LM8-APAD,Solidago_rigida,6.42,100
LM8-APAD,Symphoricarpos_occidentalis,1.64,100
LM8-APAD,Symphyotrichum_laeve,7.16,80
LM8-APAD,Thalictrum_dasycarpum,2.32,60
LM8-APAD,Thalictrum_venulosum,1.58,40
LM8-APAD,Vicia_americana,3.38,80
LM8-APAD,Zizia_aptera,0.31,60
MG-LM-A,Artemisia_frigida,3.32,75.28
MG-LM-A,Bouteloua_gracilis,2.19,51.69
MG-LM-A,Calamagrostis_montanensis,0.57,20.22
MG-LM-A,Carex,7.28,87.64
MG-LM-A,Elymus_lanceolatus,24.21,98.88
MG-LM-A,Festuca_hallii,5.42,25.84
MG-LM-A,Helictochloa_hookeri,1.22,37.08
MG-LM-A,Hesperostipa_comata,4.88,59.55
MG-LM-A,Hesperostipa_curtiseta,37.76,100
MG-LM-A,Koeleria_macrantha,4.02,83.15
MG-LM-A,Lygodesmia_juncea,0.24,20.22
MG-LM-A,Nassella_viridula,2.77,26.97
MG-LM-A,Pascopyrum_smithii,3.68,56.18
MG-LM-A,Phlox_hoodii,0.84,29.21
MG-LM-A,Pulsatilla_patens,1.05,44.94
MG-LM-A,Sphaeralcea_coccinea,0.61,30.34
MG-LM-B,Achillea_millefolium,0.78,28.57
MG-LM-B,Artemisia_frigida,9.63,95.24
MG-LM-B,Bouteloua_gracilis,4.42,75.13
MG-LM-B,Calamagrostis_montanensis,1.93,30.16
MG-LM-B,Carex,9.26,96.83
MG-LM-B,Elymus_lanceolatus,14.63,93.65
MG-LM-B,Helictochloa_hookeri,1.92,27.51
MG-LM-B,Hesperostipa_comata,4.47,60.85
MG-LM-B,Hesperostipa_curtiseta,23.05,100
MG-LM-B,Koeleria_macrantha,7.15,91.01
MG-LM-B,Nassella_viridula,3.36,25.4
MG-LM-B,Pascopyrum_smithii,6.41,68.25
MG-LM-B,Phlox_hoodii,0.87,20.63
MG-LM-B,Pulsatilla_patens,2.19,40.74
MG-LM-B,Sphaeralcea_coccinea,0.78,22.75
MG-LM-B,Symphoricarpos_occidentalis,3.13,21.16
MG-LM-B,Vicia_americana,0.46,24.34
MGA1,Achillea_millefolium,0.69,66.7
MGA1,Antennaria_parvifolia,0.22,29.2
MGA1,Arenaria_congesta,0.31,29.2
MGA1,Artemisia_cana,0.33,75
MGA1,Artemisia_frigida,2.78,87.5
MGA1,Artemisia_ludoviciana,1.53,75
MGA1,Bouteloua_gracilis,0.54,25
MGA1,Calamagrostis_montanensis,0.31,33.3
MGA1,Carex,6.34,100
MGA1,Comandra_umbellata,0.43,29.2
MGA1,Danthonia_intermedia,1.23,25
MGA1,Elymus_lanceolatus,3.96,54.2
MGA1,Elymus_trachycaulus,0.76,41.7
MGA1,Festuca_hallii,48.38,100
MGA1,Festuca_idahoensis,2.7,45.8
MGA1,Galium_boreale,0.25,29.2
MGA1,Geum_triflorum,0.97,33.3
MGA1,Gutierrezia_sarothrae,1.21,45.8
MGA1,Helictochloa_hookeri,0.68,33.3
MGA1,Hesperostipa_comata,4.81,62.5
MGA1,Hesperostipa_curtiseta,12.31,83.3
MGA1,Heterotheca_villosa,0.44,20.8
MGA1,Koeleria_macrantha,4,91.7
MGA1,Nassella_viridula,0.81,25
MGA1,Pascopyrum_smithii,2.96,66.7
MGA1,Phlox_hoodii,1.27,79.2
MGA1,Poa_secunda,0.59,29.2
MGA1,Pulsatilla_patens,0.47,20.8
MGA1,Rosa_arkansana,0.98,37.5
MGA1,Rosa_woodsii,0.78,20.8
MGA1,Sphaeralcea_coccinea,0.13,25
MGA1,Symphoricarpos_occidentalis,1.6,70.8
MGA1,Thermopsis_rhombifolia,1.22,50
MGA1,Vicia_americana,0.77,50
MGA14,Achillea_millefolium,0.3,30.9
MGA14,Antennaria_parvifolia,0.36,42
MGA14,Artemisia_cana,0.71,64.2
MGA14,Artemisia_frigida,3.8,95.1
MGA14,Astragalus_pectinatus,3.5,67.9
MGA14,Bouteloua_gracilis,5.23,96.3
MGA14,Calamagrostis_montanensis,0.8,64.2
MGA14,Carex,2.62,81.5
MGA14,Carex_filifolia,2.69,65.4
MGA14,Comandra_umbellata,0.21,30.9
MGA14,Elymus_lanceolatus,15.81,93.8
MGA14,Hesperostipa_comata,26.16,100
MGA14,Hesperostipa_curtiseta,4.86,30.9
MGA14,Heterotheca_villosa,0.9,34.6
MGA14,Koeleria_macrantha,7.16,100
MGA14,Liatris_punctata,0.65,28.4
MGA14,Phlox_hoodii,1.45,85.2
MGA14,Poa_secunda,3.83,92.6
MGA14,Potentilla_hippiana,0.15,21
MGA14,Selaginella_densa,5.51,25.9
MGA14,Sphaeralcea_coccinea,0.56,76.5
MGA14,Symphoricarpos_occidentalis,1.8,59.3
MGA14,Taraxacum_officinale,0.31,35.8
MGA14,Thermopsis_rhombifolia,0.4,30.9
MGA14,Vicia_americana,0.12,21
MGA21,Achillea_millefolium,2.53,40
MGA21,Artemisia_frigida,5,100
MGA21,Bouteloua_gracilis,2.88,100
MGA21,Carex,6.68,100
MGA21,Elymus_lanceolatus,16.11,60
MGA21,Hesperostipa_comata,13.55,80
MGA21,Hesperostipa_curtiseta,8.89,40
MGA21,Koeleria_macrantha,4.34,80
MGA21,Krascheninnikovia_lanata,3.29,40
MGA21,Nassella_viridula,4.85,80
MGA21,Pascopyrum_smithii,34.6,100
MGA21,Poa_pratensis,0.35,40
MGA21,Sphaeralcea_coccinea,1.06,60
MGA21,Symphoricarpos_albus,1.52,40
MGA21,Tragopogon_dubius,1.07,80
MGA21,Vicia_americana,0.89,40
MGA36,Achillea_millefolium,0.53,28.6
MGA36,Artemisia_frigida,0.87,100
MGA36,Bouteloua_gracilis,4.09,100
MGA36,Carex,4.46,100
MGA36,Elymus_lanceolatus,13.14,100
MGA36,Hesperostipa_comata,5.11,100
MGA36,Hesperostipa_curtiseta,16.14,100
MGA36,Koeleria_macrantha,5.6,100
MGA36,Lomatium_foeniculaceum,0.17,42.9
MGA36,Pascopyrum_smithii,5.67,100
MGA36,Phlox_hoodii,0.43,57.1
MGA36,Pulsatilla_patens,0.97,85.7
MGA36,Selaginella_densa,7.68,42.9
MGA36,Sphaeralcea_coccinea,0.73,85.7
MGA36,Symphyotrichum_falcatum,0.11,28.6
MGA36,Taraxacum_officinale,0.5,100
MGA36,Tragopogon_dubius,0.48,85.7
MGA36,Vicia_americana,1.5,100
MGA4,Achillea_millefolium,3.28,100
MGA4,Antennaria_parvifolia,1.41,50
MGA4,Arenaria_congesta,0.15,25
MGA4,Artemisia_cana,0.9,100
MGA4,Artemisia_frigida,6.98,100
MGA4,Artemisia_ludoviciana,1.17,50
MGA4,Bouteloua_gracilis,3.55,75
MGA4,Calamagrostis_montanensis,1.47,75
MGA4,Carex,9.68,100
MGA4,Carex_filifolia,0.15,25
MGA4,Cirsium_arvense,2,25
MGA4,Comandra_umbellata,0.5,25
MGA4,Danthonia_intermedia,2.4,25
MGA4,Elymus_lanceolatus,13.7,100
MGA4,Erigeron_caespitosus,1.65,25
MGA4,Escobaria_vivipara,0.05,25
MGA4,Galium_boreale,0.1,25
MGA4,Gutierrezia_sarothrae,1.2,25
MGA4,Helictochloa_hookeri,1.55,25
MGA4,Hesperostipa_comata,15.93,100
MGA4,Hesperostipa_curtiseta,10.16,75
MGA4,Heterotheca_villosa,0.15,25
MGA4,Hymenoxys_richardsonii,3.64,50
MGA4,Koeleria_macrantha,10.53,100
MGA4,Krascheninnikovia_lanata,0.5,25
MGA4,Liatris_punctata,0.25,25
MGA4,Muhlenbergia_cuspidata,2.7,25
MGA4,Nassella_viridula,0.25,25
MGA4,Oxytropis_sericea,0.2,25
MGA4,Pascopyrum_smithii,1.59,50
MGA4,Phlox_hoodii,2.7,100
MGA4,Poa_pratensis,1.24,50
MGA4,Poa_secunda,0.81,50
MGA4,Rosa_arkansana,1.33,75
MGA4,Sphaeralcea_coccinea,0.67,50
MGA4,Symphoricarpos_occidentalis,0.92,50
MGA4,Thermopsis_rhombifolia,0.64,50
MGA4,Vicia_americana,2.4,50
MGA4,Xanthisma_spinulosum,1.5,25
NFA01,Achillea_millefolium,0.84,41.9
NFA01,Antennaria_parvifolia,1,41.9
NFA01,Artemisia_frigida,3.48,90.7
NFA01,Artemisia_ludoviciana,1.19,53.5
NFA01,Bouteloua_gracilis,0.86,27.9
NFA01,Campanula_rotundifolia,0.38,32.6
NFA01,Carex_obtusata,4.3,83.7
NFA01,Carex_pensylvanica,1.62,41.9
NFA01,Cerastium_arvense,0.8,23.3
NFA01,Danthonia_intermedia,1.32,30.2
NFA01,Elymus_lanceolatus,0.9,37.2
NFA01,Elymus_trachycaulus,0.87,44.2
NFA01,Erigeron_caespitosus,0.82,27.9
NFA01,Festuca_hallii,50.81,95.3
NFA01,Festuca_saximontana,0.23,20.9
NFA01,Geum_triflorum,1.19,25.6
NFA01,Helictochloa_hookeri,1.85,86
NFA01,Hesperostipa_curtiseta,12.6,100
NFA01,Koeleria_macrantha,1.05,53.5
NFA01,Pascopyrum_smithii,0.55,27.9
NFA01,Populus_tremuloides,0.43,39.5
NFA01,Pulsatilla_patens,0.95,41.9
NFA01,Rosa_arkansana,1.85,62.8
NFA01,Salix_bebbiana,0.14,23.3
NFA01,Salix_discolor,0.05,20.9
NFA01,Symphoricarpos_occidentalis,3.74,69.8
NFA01,Vicia_americana,0.36,48.8
NFA07,Achillea_millefolium,0.57,32.1
NFA07,Agrostis_scabra,1.07,35.7
NFA07,Antennaria_parvifolia,1.4,64.3
NFA07,Artemisia_frigida,7.3,92.9
NFA07,Artemisia_ludoviciana,0.81,35.7
NFA07,Bouteloua_gracilis,2.75,57.1
NFA07,Campanula_rotundifolia,0.26,21.4
NFA07,Carex_duriuscula,0.63,25
NFA07,Carex_obtusata,4.85,75
NFA07,Carex_pensylvanica,1.4,42.9
NFA07,Cerastium_arvense,1.14,35.7
NFA07,Comandra_umbellata,0.62,32.1
NFA07,Elymus_lanceolatus,1.98,60.7
NFA07,Elymus_trachycaulus,1.06,32.1
NFA07,Erigeron_caespitosus,2.83,42.9
NFA07,Festuca_hallii,21.49,92.9
NFA07,Festuca_saximontana,0.42,21.4
NFA07,Galium_boreale,0.53,35.7
NFA07,Gutierrezia_sarothrae,0.42,21.4
NFA07,Helictochloa_hookeri,2.57,85.7
NFA07,Hesperostipa_curtiseta,19.9,100
NFA07,Heterotheca_villosa,0.64,25
NFA07,Koeleria_macrantha,4.08,78.6
NFA07,Pascopyrum_smithii,2.01,71.4
NFA07,Phlox_hoodii,0.3,21.4
NFA07,Poa_glauca,1.66,32.1
NFA07,Pulsatilla_patens,1.45,57.1
NFA07,Rosa_arkansana,1.03,57.1
NFA07,Solidago_missouriensis,0.52,28.6
NFA07,Symphoricarpos_occidentalis,1.94,50
NFA07,Symphyotrichum_falcatum,1.3,21.4
NFA07,Taraxacum_officinale,0.12,21.4
NFA07,Thermopsis_rhombifolia,0.88,28.6
NFA07,Vicia_americana,0.24,35.7
NFA25,Achillea_millefolium,1.2,66.7
NFA25,Agrostis_scabra,1.33,33.3
NFA25,Antennaria_parvifolia,0.51,66.7
NFA25,Artemisia_frigida,4,100
NFA25,Artemisia_ludoviciana,1.18,50
NFA25,Bouteloua_gracilis,2.36,50
NFA25,Calamagrostis_montanensis,1.01,33.3
NFA25,Carex_duriuscula,1.22,66.7
NFA25,Carex_obtusata,4.12,66.7
NFA25,Carex_pensylvanica,3.1,83.3
NFA25,Cerastium_arvense,0.61,33.3
NFA25,Elymus_lanceolatus,3.43,83.3
NFA25,Elymus_trachycaulus,0.81,33.3
NFA25,Festuca_hallii,10.21,83.3
NFA25,Festuca_saximontana,0.31,50
NFA25,Helictochloa_hookeri,4.02,66.7
NFA25,Hesperostipa_comata,1.3,33.3
NFA25,Hesperostipa_curtiseta,25.05,100
NFA25,Koeleria_macrantha,3.89,83.3
NFA25,Nassella_viridula,1.7,33.3
NFA25,Pascopyrum_smithii,0.29,33.3
NFA25,Poa_pratensis,1.2,100
NFA25,Pulsatilla_patens,1.48,50
NFA25,Solidago_missouriensis,1.01,50
NFA25,Sphaeralcea_coccinea,0.52,33.3
NFA25,Symphyotrichum_falcatum,1.04,33.3
NFA25,Vicia_americana,0.42,83.3
NFC01,Achillea_millefolium,0.3,34
NFC01,Agrostis_scabra,0.69,31.9
NFC01,Artemisia_frigida,2.19,80.9
NFC01,Artemisia_ludoviciana,1.32,68.1
NFC01,Bouteloua_gracilis,1.01,29.8
NFC01,Campanula_rotundifolia,0.39,31.9
NFC01,Carex_obtusata,3.23,80.9
NFC01,Carex_pensylvanica,1.79,63.8
NFC01,Cerastium_arvense,0.64,36.2
NFC01,Danthonia_intermedia,0.93,27.7
NFC01,Elymus_lanceolatus,0.64,36.2
NFC01,Elymus_trachycaulus,1.94,66
NFC01,Festuca_hallii,54.67,95.7
NFC01,Galium_boreale,0.81,40.4
NFC01,Geum_triflorum,2.32,21.3
NFC01,Helictochloa_hookeri,0.93,44.7
NFC01,Hesperostipa_curtiseta,8.14,95.7
NFC01,Koeleria_macrantha,0.85,36.2
NFC01,Populus_tremuloides,0.53,46.8
NFC01,Rosa_arkansana,2.39,89.4
NFC01,Salix_bebbiana,0.24,46.8
NFC01,Salix_petiolaris,0.25,46.8
NFC01,Solidago_missouriensis,0.48,27.7
NFC01,Symphoricarpos_occidentalis,11.8,97.9
NFC01,Symphyotrichum_falcatum,0.63,25.5
NFC01,Symphyotrichum_laeve,1.26,36.2
NFC01,Thermopsis_rhombifolia,0.94,40.4
NFC01,Vicia_americana,0.47,36.2
NFC06,Agrostis_scabra,0.29,28.6
NFC06,Antennaria_parvifolia,1.2,28.6
NFC06,Artemisia_frigida,8.27,100
NFC06,Artemisia_ludoviciana,2.23,71.4
NFC06,Bouteloua_gracilis,7.31,85.7
NFC06,Carex_obtusata,5.13,100
NFC06,Carex_pensylvanica,3.27,42.9
NFC06,Cerastium_arvense,0.88,28.6
NFC06,Cirsium_arvense,1.33,42.9
NFC06,Comandra_umbellata,0.64,28.6
NFC06,Elymus_lanceolatus,1.44,57.1
NFC06,Elymus_trachycaulus,1.49,71.4
NFC06,Erigeron_caespitosus,0.68,42.9
NFC06,Festuca_hallii,23.57,100
NFC06,Festuca_saximontana,0.26,42.9
NFC06,Galium_boreale,0.57,57.1
NFC06,Helictochloa_hookeri,1.1,71.4
NFC06,Hesperostipa_comata,6.01,28.6
NFC06,Hesperostipa_curtiseta,16.9,85.7
NFC06,Hierochloe_odorata,0.37,28.6
NFC06,Koeleria_macrantha,4.21,100
NFC06,Muhlenbergia_cuspidata,2.12,57.1
NFC06,Nassella_viridula,1.95,57.1
NFC06,Pascopyrum_smithii,1.86,71.4
NFC06,Poa_secunda,0.53,28.6
NFC06,Populus_tremuloides,1,57.1
NFC06,Pulsatilla_patens,0.56,28.6
NFC06,Rosa_arkansana,1.45,71.4
NFC06,Salix_bebbiana,0.25,57.1
NFC06,Salix_petiolaris,1,57.1
NFC06,Sphaeralcea_coccinea,0.16,28.6
NFC06,Symphoricarpos_occidentalis,13.6,100
NFC06,Symphyotrichum_falcatum,0.69,28.6
NFC06,Tragopogon_dubius,0.67,28.6
NFC06,Vicia_americana,0.27,28.6
